Symbol  ,Date  ,Close Price  ,Total Traded Quantity  ,Gain,Loss,Average Gain,Average Loss,RS,RSI
HDFCBANK,21-Apr-23,"1,674.60"," 1,00,64,309 ",0,0, -   , -   , -   , -   
HDFCBANK,24-Apr-23,"1,688.15"," 1,78,37,926 ",13.55,0, -   , -   , -   , -   
HDFCBANK,25-Apr-23,"1,664.15"," 2,51,76,534 ",0,24, -   , -   , -   , -   
HDFCBANK,26-Apr-23,"1,671.80"," 1,36,96,375 ",7.65,0, -   , -   , -   , -   
HDFCBANK,27-Apr-23,"1,681.00"," 2,38,95,196 ",9.2,0, -   , -   , -   , -   
HDFCBANK,28-Apr-23,"1,687.60"," 1,39,58,136 ",6.6,0, -   , -   , -   , -   
HDFCBANK,02-May-23,"1,687.25"," 1,61,10,592 ",0,0.35, -   , -   , -   , -   
HDFCBANK,03-May-23,"1,693.15"," 1,47,03,635 ",5.9,0, -   , -   , -   , -   
HDFCBANK,04-May-23,"1,727.80"," 2,84,27,319 ",34.65,0, -   , -   , -   , -   
HDFCBANK,05-May-23,"1,625.65"," 3,13,85,208 ",0,102.15, -   , -   , -   , -   
HDFCBANK,08-May-23,"1,644.45"," 1,86,22,262 ",18.8,0, -   , -   , -   , -   
HDFCBANK,09-May-23,"1,644.50"," 2,18,44,469 ",0.05,0, -   , -   , -   , -   
HDFCBANK,10-May-23,"1,652.10"," 2,31,70,275 ",7.6,0, -   , -   , -   , -   
HDFCBANK,11-May-23,"1,653.20"," 1,78,67,309 ",1.1,0, -   , -   , -   , -   
HDFCBANK,12-May-23,"1,667.80"," 1,12,39,380 ",14.6,0, 8.55 , 9.04 , 0.95 , 49 
HDFCBANK,15-May-23,"1,675.80"," 92,56,130 ",8,0, 8.51 , 8.39 , 1.01 , 50 
HDFCBANK,16-May-23,"1,647.30"," 1,63,61,043 ",0,28.5, 7.90 , 9.83 , 0.80 , 45 
HDFCBANK,17-May-23,"1,638.45"," 1,52,33,434 ",0,8.85, 7.34 , 9.76 , 0.75 , 43 
HDFCBANK,18-May-23,"1,645.00"," 2,48,23,471 ",6.55,0, 7.28 , 9.06 , 0.80 , 45 
HDFCBANK,19-May-23,"1,646.90"," 1,52,30,166 ",1.9,0, 6.90 , 8.41 , 0.82 , 45 
HDFCBANK,22-May-23,"1,641.05"," 1,41,67,016 ",0,5.85, 6.40 , 8.23 , 0.78 , 44 
HDFCBANK,23-May-23,"1,637.20"," 1,12,35,037 ",0,3.85, 5.95 , 7.92 , 0.75 , 43 
HDFCBANK,24-May-23,"1,615.80"," 1,67,94,056 ",0,21.4, 5.52 , 8.88 , 0.62 , 38 
HDFCBANK,25-May-23,"1,609.60"," 1,48,88,465 ",0,6.2, 5.13 , 8.69 , 0.59 , 37 
HDFCBANK,26-May-23,"1,615.80"," 1,33,17,533 ",6.2,0, 5.20 , 8.07 , 0.65 , 39 
HDFCBANK,29-May-23,"1,635.50"," 1,09,08,146 ",19.7,0, 6.24 , 7.49 , 0.83 , 45 
HDFCBANK,30-May-23,"1,636.75"," 1,85,62,964 ",1.25,0, 5.88 , 6.96 , 0.85 , 46 
HDFCBANK,31-May-23,"1,610.85"," 2,16,67,135 ",0,25.9, 5.46 , 8.31 , 0.66 , 40 
HDFCBANK,01-Jun-23,"1,604.00"," 2,51,83,469 ",0,6.85, 5.07 , 8.21 , 0.62 , 38 
HDFCBANK,02-Jun-23,"1,606.50"," 89,29,855 ",2.5,0, 4.89 , 7.62 , 0.64 , 39 
HDFCBANK,05-Jun-23,"1,604.40"," 93,48,621 ",0,2.1, 4.54 , 7.23 , 0.63 , 39 
HDFCBANK,06-Jun-23,"1,599.40"," 1,60,91,426 ",0,5, 4.22 , 7.07 , 0.60 , 37 
HDFCBANK,07-Jun-23,"1,607.70"," 1,24,74,513 ",8.3,0, 4.51 , 6.56 , 0.69 , 41 
HDFCBANK,08-Jun-23,"1,608.70"," 1,86,97,761 ",1,0, 4.26 , 6.09 , 0.70 , 41 
HDFCBANK,09-Jun-23,"1,610.60"," 91,06,289 ",1.9,0, 4.09 , 5.66 , 0.72 , 42 
HDFCBANK,12-Jun-23,"1,600.80"," 67,04,146 ",0,9.8, 3.80 , 5.95 , 0.64 , 39 
HDFCBANK,13-Jun-23,"1,603.50"," 1,39,63,054 ",2.7,0, 3.72 , 5.53 , 0.67 , 40 
HDFCBANK,14-Jun-23,"1,601.75"," 1,00,56,984 ",0,1.75, 3.45 , 5.26 , 0.66 , 40 
HDFCBANK,15-Jun-23,"1,582.05"," 1,76,88,738 ",0,19.7, 3.21 , 6.29 , 0.51 , 34 
HDFCBANK,16-Jun-23,"1,602.75"," 78,89,636 ",20.7,0, 4.46 , 5.84 , 0.76 , 43 
HDFCBANK,19-Jun-23,"1,604.15"," 1,24,14,573 ",1.4,0, 4.24 , 5.42 , 0.78 , 44 
HDFCBANK,20-Jun-23,"1,607.50"," 1,00,02,813 ",3.35,0, 4.17 , 5.04 , 0.83 , 45 
HDFCBANK,21-Jun-23,"1,635.60"," 1,21,54,473 ",28.1,0, 5.88 , 4.68 , 1.26 , 56 
HDFCBANK,22-Jun-23,"1,643.60"," 2,82,98,070 ",8,0, 6.03 , 4.34 , 1.39 , 58 
HDFCBANK,23-Jun-23,"1,643.50"," 1,06,69,609 ",0,0.1, 5.60 , 4.04 , 1.39 , 58 
HDFCBANK,26-Jun-23,"1,635.55"," 80,65,157 ",0,7.95, 5.20 , 4.32 , 1.20 , 55 
HDFCBANK,27-Jun-23,"1,658.60"," 1,69,15,932 ",23.05,0, 6.48 , 4.01 , 1.62 , 62 
HDFCBANK,28-Jun-23,"1,676.15"," 2,97,81,475 ",17.55,0, 7.27 , 3.72 , 1.95 , 66 
HDFCBANK,30-Jun-23,"1,701.40"," 2,03,49,508 ",25.25,0, 8.55 , 3.46 , 2.47 , 71 
HDFCBANK,03-Jul-23,"1,719.80"," 2,20,52,058 ",18.4,0, 9.26 , 3.21 , 2.88 , 74 
HDFCBANK,04-Jul-23,"1,728.20"," 1,93,97,594 ",8.4,0, 9.20 , 2.98 , 3.08 , 76 
HDFCBANK,05-Jul-23,"1,673.30"," 1,85,82,877 ",0,54.9, 8.54 , 6.69 , 1.28 , 56 
HDFCBANK,06-Jul-23,"1,675.00"," 2,60,78,272 ",1.7,0, 8.05 , 6.21 , 1.30 , 56 
HDFCBANK,07-Jul-23,"1,660.40"," 99,63,168 ",0,14.6, 7.47 , 6.81 , 1.10 , 52 
HDFCBANK,10-Jul-23,"1,656.45"," 1,91,99,221 ",0,3.95, 6.94 , 6.61 , 1.05 , 51 
HDFCBANK,11-Jul-23,"1,648.40"," 2,53,35,213 ",0,8.05, 6.45 , 6.71 , 0.96 , 49 
HDFCBANK,12-Jul-23,"1,632.95"," 3,54,79,179 ",0,15.45, 5.98 , 7.33 , 0.82 , 45 
HDFCBANK,13-Jul-23,"1,641.10"," 2,09,56,773 ",8.15,0, 6.14 , 6.81 , 0.90 , 47 
HDFCBANK,14-Jul-23,"1,644.50"," 1,23,63,607 ",3.4,0, 5.94 , 6.32 , 0.94 , 48 
HDFCBANK,17-Jul-23,"1,678.90"," 2,46,26,464 ",34.4,0, 7.98 , 5.87 , 1.36 , 58 
HDFCBANK,17-Jul-23,612.95," 66,600 ",0,1065.95, 7.41 , 81.59 , 0.09 , 8 
HDFCBANK,18-Jul-23,"1,678.90"," 2,73,810 ",1065.95,0, 83.02 , 75.76 , 1.10 , 52 
HDFCBANK,18-Jul-23,"1,677.50"," 4,05,38,409 ",0,1.4, 77.09 , 70.45 , 1.09 , 52 
HDFCBANK,18-Jul-23,631.2," 1,42,200 ",0,1046.3, 71.58 , 140.16 , 0.51 , 34 
HDFCBANK,19-Jul-23,"1,685.10"," 1,64,67,567 ",1053.9,0, 141.75 , 130.14 , 1.09 , 52 
HDFCBANK,19-Jul-23,644.75," 1,37,400 ",0,1040.35, 131.62 , 195.16 , 0.67 , 40 
HDFCBANK,20-Jul-23,"1,688.75"," 2,81,05,474 ",1044,0, 196.79 , 181.22 , 1.09 , 52 
HDFCBANK,20-Jul-23,650.1," 3,44,400 ",0,1038.65, 182.74 , 242.46 , 0.75 , 43 
HDFCBANK,21-Jul-23,"1,675.75"," 2,10,77,124 ",1025.65,0, 242.94 , 225.15 , 1.08 , 52 
HDFCBANK,21-Jul-23,638," 3,18,600 ",0,1037.75, 225.59 , 283.19 , 0.80 , 44 
HDFCBANK,24-Jul-23,"1,678.40"," 1,60,89,722 ",1040.4,0, 283.79 , 262.96 , 1.08 , 52 
HDFCBANK,24-Jul-23,637.25," 84,000 ",0,1041.15, 263.52 , 318.55 , 0.83 , 45 
HDFCBANK,25-Jul-23,"1,696.60"," 2,79,96,298 ",1059.35,0, 320.37 , 295.79 , 1.08 , 52 
HDFCBANK,25-Jul-23,660.6," 4,45,200 ",0,1036, 297.48 , 348.66 , 0.85 , 46 
HDFCBANK,26-Jul-23,"1,690.70"," 1,23,97,179 ",1030.1,0, 349.81 , 323.76 , 1.08 , 52 
HDFCBANK,26-Jul-23,652.25," 78,600 ",0,1038.45, 324.83 , 374.81 , 0.87 , 46 
HDFCBANK,27-Jul-23,"1,673.15"," 2,98,70,651 ",1020.9,0, 374.54 , 348.04 , 1.08 , 52 
HDFCBANK,27-Jul-23,630.65," 76,800 ",0,1042.5, 347.79 , 397.64 , 0.87 , 47 
HDFCBANK,28-Jul-23,"1,643.50"," 2,05,07,842 ",1012.85,0, 395.30 , 369.24 , 1.07 , 52 
HDFCBANK,28-Jul-23,581.85," 1,70,400 ",0,1061.65, 367.06 , 418.70 , 0.88 , 47 
HDFCBANK,31-Jul-23,"1,651.20"," 1,72,82,503 ",1069.35,0, 417.22 , 388.79 , 1.07 , 52 
HDFCBANK,31-Jul-23,591.15," 1,55,400 ",0,1060.05, 387.42 , 436.74 , 0.89 , 47 
HDFCBANK,01-Aug-23,"1,662.25"," 1,76,97,094 ",1071.1,0, 436.26 , 405.54 , 1.08 , 52 
HDFCBANK,01-Aug-23,603.8," 3,56,400 ",0,1058.45, 405.10 , 452.18 , 0.90 , 47 
HDFCBANK,02-Aug-23,"1,640.50"," 1,40,58,161 ",1036.7,0, 450.21 , 419.88 , 1.07 , 52 
HDFCBANK,02-Aug-23,578.2," 3,02,400 ",0,1062.3, 418.05 , 465.77 , 0.90 , 47 
HDFCBANK,03-Aug-23,"1,628.65"," 2,88,36,973 ",1050.45,0, 463.22 , 432.50 , 1.07 , 52 
HDFCBANK,03-Aug-23,564.95," 4,46,400 ",0,1063.7, 430.14 , 477.58 , 0.90 , 47 
HDFCBANK,04-Aug-23,"1,652.20"," 1,86,94,152 ",1087.25,0, 477.07 , 443.47 , 1.08 , 52 
HDFCBANK,04-Aug-23,598.15," 6,13,800 ",0,1054.05, 443.00 , 487.08 , 0.91 , 48 
HDFCBANK,07-Aug-23,"1,651.25"," 1,41,50,459 ",1053.1,0, 486.57 , 452.29 , 1.08 , 52 
HDFCBANK,07-Aug-23,604.5," 4,00,200 ",0,1046.75, 451.82 , 494.75 , 0.91 , 48 
HDFCBANK,08-Aug-23,"1,649.90"," 2,18,86,914 ",1045.4,0, 494.22 , 459.41 , 1.08 , 52 
HDFCBANK,08-Aug-23,600.5," 61,800 ",0,1049.4, 458.92 , 501.56 , 0.91 , 48 
HDFCBANK,09-Aug-23,"1,650.50"," 1,66,80,618 ",1050,0, 501.14 , 465.73 , 1.08 , 52 
HDFCBANK,09-Aug-23,594.15," 43,200 ",0,1056.35, 465.34 , 507.92 , 0.92 , 48 
HDFCBANK,10-Aug-23,"1,650.50"," 1,12,425 ",1056.35,0, 507.56 , 471.64 , 1.08 , 52 
HDFCBANK,10-Aug-23,"1,635.85"," 2,53,90,559 ",0,14.65, 471.30 , 439.00 , 1.07 , 52 
HDFCBANK,11-Aug-23,"1,618.80"," 1,41,12,911 ",0,17.05, 437.64 , 408.86 , 1.07 , 52 
HDFCBANK,14-Aug-23,"1,610.90"," 1,56,52,205 ",0,7.9, 406.38 , 380.22 , 1.07 , 52 
HDFCBANK,16-Aug-23,"1,606.20"," 1,70,68,771 ",0,4.7, 377.35 , 353.39 , 1.07 , 52 
HDFCBANK,17-Aug-23,"1,597.30"," 2,64,42,020 ",0,8.9, 350.40 , 328.79 , 1.07 , 52 
HDFCBANK,18-Aug-23,"1,590.75"," 1,28,16,683 ",0,6.55, 325.37 , 305.77 , 1.06 , 52 
HDFCBANK,21-Aug-23,"1,589.50"," 1,09,18,635 ",0,1.25, 302.13 , 284.02 , 1.06 , 52 
HDFCBANK,22-Aug-23,"1,582.70"," 1,61,36,785 ",0,6.8, 280.55 , 264.22 , 1.06 , 51 
HDFCBANK,23-Aug-23,"1,586.60"," 1,82,49,294 ",3.9,0, 260.79 , 245.34 , 1.06 , 52 
HDFCBANK,24-Aug-23,"1,579.30"," 2,15,72,896 ",0,7.3, 242.16 , 228.34 , 1.06 , 51 
HDFCBANK,25-Aug-23,"1,561.50"," 1,50,34,878 ",0,17.8, 224.86 , 213.30 , 1.05 , 51 
HDFCBANK,28-Aug-23,"1,577.75"," 1,44,33,619 ",16.25,0, 209.96 , 198.07 , 1.06 , 51 
HDFCBANK,29-Aug-23,"1,590.30"," 1,77,69,466 ",12.55,0, 195.86 , 183.92 , 1.06 , 52 
HDFCBANK,30-Aug-23,"1,578.70"," 1,40,42,102 ",0,11.6, 181.87 , 171.61 , 1.06 , 51 
HDFCBANK,31-Aug-23,"1,571.45"," 5,00,37,886 ",0,7.25, 168.88 , 159.87 , 1.06 , 51 
HDFCBANK,01-Sep-23,"1,574.70"," 2,16,13,388 ",3.25,0, 157.05 , 148.45 , 1.06 , 51 
HDFCBANK,04-Sep-23,"1,584.55"," 1,25,36,819 ",9.85,0, 146.53 , 137.85 , 1.06 , 52 
HDFCBANK,05-Sep-23,"1,574.90"," 1,93,56,041 ",0,9.65, 136.07 , 128.69 , 1.06 , 51 
HDFCBANK,06-Sep-23,"1,595.50"," 2,81,60,455 ",20.6,0, 127.82 , 119.50 , 1.07 , 52 
HDFCBANK,07-Sep-23,"1,610.85"," 1,71,04,171 ",15.35,0, 119.79 , 110.96 , 1.08 , 52 
HDFCBANK,08-Sep-23,"1,623.40"," 1,72,51,105 ",12.55,0, 112.13 , 103.04 , 1.09 , 52 
HDFCBANK,11-Sep-23,"1,631.80"," 1,57,86,511 ",8.4,0, 104.72 , 95.68 , 1.09 , 52 
HDFCBANK,12-Sep-23,"1,636.90"," 1,95,16,670 ",5.1,0, 97.60 , 88.84 , 1.10 , 52 
HDFCBANK,13-Sep-23,"1,643.90"," 2,32,10,047 ",7,0, 91.13 , 82.50 , 1.10 , 52 
HDFCBANK,14-Sep-23,"1,642.90"," 1,17,69,424 ",0,1, 84.62 , 76.68 , 1.10 , 52 
HDFCBANK,15-Sep-23,"1,661.75"," 8,67,05,601 ",18.85,0, 79.92 , 71.20 , 1.12 , 53 
HDFCBANK,18-Sep-23,"1,629.05"," 1,85,28,144 ",0,32.7, 74.21 , 68.45 , 1.08 , 52 
HDFCBANK,20-Sep-23,"1,563.70"," 5,77,37,324 ",0,65.35, 68.91 , 68.23 , 1.01 , 50 
HDFCBANK,21-Sep-23,"1,553.35"," 3,64,20,721 ",0,10.35, 63.99 , 64.09 , 1.00 , 50 
HDFCBANK,22-Sep-23,"1,529.65"," 3,08,52,125 ",0,23.7, 59.42 , 61.21 , 0.97 , 49 
HDFCBANK,25-Sep-23,"1,531.00"," 2,01,04,377 ",1.35,0, 55.27 , 56.84 , 0.97 , 49 
HDFCBANK,26-Sep-23,"1,537.65"," 1,37,87,654 ",6.65,0, 51.80 , 52.78 , 0.98 , 50 
HDFCBANK,27-Sep-23,"1,526.85"," 1,96,69,269 ",0,10.8, 48.10 , 49.78 , 0.97 , 49 
HDFCBANK,28-Sep-23,"1,523.70"," 2,76,77,094 ",0,3.15, 44.66 , 46.45 , 0.96 , 49 
HDFCBANK,29-Sep-23,"1,526.30"," 1,60,26,891 ",2.6,0, 41.66 , 43.13 , 0.97 , 49 
HDFCBANK,03-Oct-23,"1,508.05"," 1,94,85,847 ",0,18.25, 38.68 , 41.35 , 0.94 , 48 
HDFCBANK,04-Oct-23,"1,529.55"," 2,73,24,715 ",21.5,0, 37.46 , 38.40 , 0.98 , 49 
HDFCBANK,05-Oct-23,"1,535.75"," 2,42,56,337 ",6.2,0, 35.22 , 35.66 , 0.99 , 50 
HDFCBANK,06-Oct-23,"1,534.05"," 88,79,678 ",0,1.7, 32.71 , 33.23 , 0.98 , 50 
HDFCBANK,09-Oct-23,"1,516.25"," 82,27,486 ",0,17.8, 30.37 , 32.13 , 0.95 , 49 
HDFCBANK,10-Oct-23,"1,524.85"," 1,66,33,146 ",8.6,0, 28.82 , 29.83 , 0.97 , 49 
HDFCBANK,11-Oct-23,"1,539.60"," 1,56,66,680 ",14.75,0, 27.81 , 27.70 , 1.00 , 50 
HDFCBANK,12-Oct-23,"1,549.85"," 1,10,12,668 ",10.25,0, 26.56 , 25.72 , 1.03 , 51 
HDFCBANK,13-Oct-23,"1,535.75"," 1,98,72,650 ",0,14.1, 24.66 , 24.89 , 0.99 , 50 
HDFCBANK,16-Oct-23,"1,529.60"," 89,28,042 ",0,6.15, 22.90 , 23.55 , 0.97 , 49 
HDFCBANK,17-Oct-23,"1,541.20"," 1,64,51,279 ",11.6,0, 22.09 , 21.87 , 1.01 , 50 
HDFCBANK,18-Oct-23,"1,519.75"," 1,56,08,100 ",0,21.45, 20.51 , 21.84 , 0.94 , 48 
HDFCBANK,19-Oct-23,"1,514.95"," 1,51,26,182 ",0,4.8, 19.05 , 20.62 , 0.92 , 48 
HDFCBANK,20-Oct-23,"1,522.80"," 1,05,47,005 ",7.85,0, 18.25 , 19.15 , 0.95 , 49 
HDFCBANK,23-Oct-23,"1,506.05"," 1,11,88,068 ",0,16.75, 16.95 , 18.98 , 0.89 , 47 
HDFCBANK,25-Oct-23,"1,496.50"," 1,41,55,998 ",0,9.55, 15.73 , 18.31 , 0.86 , 46 
HDFCBANK,26-Oct-23,"1,463.40"," 2,77,80,899 ",0,33.1, 14.61 , 19.36 , 0.75 , 43 
HDFCBANK,27-Oct-23,"1,469.15"," 1,59,70,266 ",5.75,0, 13.98 , 17.98 , 0.78 , 44 
HDFCBANK,30-Oct-23,"1,485.10"," 1,16,55,491 ",15.95,0, 14.12 , 16.70 , 0.85 , 46 
HDFCBANK,31-Oct-23,"1,476.50"," 1,63,17,412 ",0,8.6, 13.11 , 16.12 , 0.81 , 45 
HDFCBANK,01-Nov-23,"1,476.50"," 88,838 ",0,0, 12.17 , 14.97 , 0.81 , 45 
HDFCBANK,01-Nov-23,"1,474.50"," 1,69,38,733 ",0,2, 11.30 , 14.04 , 0.81 , 45 
HDFCBANK,02-Nov-23,"1,476.75"," 2,26,12,577 ",2.25,0, 10.66 , 13.04 , 0.82 , 45 
HDFCBANK,03-Nov-23,"1,483.75"," 90,47,670 ",7,0, 10.40 , 12.11 , 0.86 , 46 
HDFCBANK,06-Nov-23,"1,494.50"," 1,27,96,865 ",10.75,0, 10.42 , 11.24 , 0.93 , 48 
HDFCBANK,07-Nov-23,"1,487.25"," 2,09,76,424 ",0,7.25, 9.68 , 10.96 , 0.88 , 47 
HDFCBANK,08-Nov-23,"1,491.55"," 1,56,99,773 ",4.3,0, 9.29 , 10.17 , 0.91 , 48 
HDFCBANK,09-Nov-23,"1,485.65"," 1,10,58,370 ",0,5.9, 8.63 , 9.87 , 0.87 , 47 
HDFCBANK,10-Nov-23,"1,491.50"," 70,07,593 ",5.85,0, 8.43 , 9.16 , 0.92 , 48 
HDFCBANK,12-Nov-23,"1,500.00"," 19,75,463 ",8.5,0, 8.44 , 8.51 , 0.99 , 50 
HDFCBANK,13-Nov-23,"1,488.80"," 1,03,02,957 ",0,11.2, 7.83 , 8.70 , 0.90 , 47 
HDFCBANK,15-Nov-23,"1,504.40"," 2,06,22,730 ",15.6,0, 8.39 , 8.08 , 1.04 , 51 
HDFCBANK,16-Nov-23,"1,508.35"," 1,48,56,919 ",3.95,0, 8.07 , 7.50 , 1.08 , 52 
HDFCBANK,17-Nov-23,"1,505.10"," 1,18,50,937 ",0,3.25, 7.49 , 7.20 , 1.04 , 51 
HDFCBANK,20-Nov-23,"1,505.20"," 96,65,726 ",0.1,0, 6.97 , 6.68 , 1.04 , 51 
HDFCBANK,21-Nov-23,"1,517.95"," 1,24,79,986 ",12.75,0, 7.38 , 6.21 , 1.19 , 54 
HDFCBANK,22-Nov-23,"1,512.55"," 1,45,61,825 ",0,5.4, 6.85 , 6.15 , 1.11 , 53 
HDFCBANK,23-Nov-23,"1,521.30"," 65,23,110 ",8.75,0, 6.99 , 5.71 , 1.22 , 55 
HDFCBANK,24-Nov-23,"1,532.10"," 82,34,596 ",10.8,0, 7.26 , 5.30 , 1.37 , 58 
HDFCBANK,28-Nov-23,"1,528.65"," 1,42,44,669 ",0,3.45, 6.74 , 5.17 , 1.30 , 57 
HDFCBANK,29-Nov-23,"1,559.15"," 1,70,21,244 ",30.5,0, 8.44 , 4.80 , 1.76 , 64 
HDFCBANK,30-Nov-23,"1,558.80"," 3,47,45,720 ",0,0.35, 7.84 , 4.48 , 1.75 , 64 
HDFCBANK,01-Dec-23,"1,555.40"," 1,10,76,768 ",0,3.4, 7.28 , 4.41 , 1.65 , 62 
HDFCBANK,04-Dec-23,"1,609.40"," 2,53,31,228 ",54,0, 10.61 , 4.09 , 2.59 , 72 
HDFCBANK,05-Dec-23,"1,623.70"," 2,61,15,410 ",14.3,0, 10.88 , 3.80 , 2.86 , 74 
HDFCBANK,06-Dec-23,"1,627.80"," 1,93,06,530 ",4.1,0, 10.39 , 3.53 , 2.95 , 75 
HDFCBANK,07-Dec-23,"1,630.45"," 1,02,25,193 ",2.65,0, 9.84 , 3.28 , 3.00 , 75 
HDFCBANK,08-Dec-23,"1,653.20"," 1,68,64,019 ",22.75,0, 10.76 , 3.04 , 3.54 , 78 
HDFCBANK,11-Dec-23,"1,651.00"," 1,15,93,810 ",0,2.2, 9.99 , 2.98 , 3.35 , 77 
HDFCBANK,12-Dec-23,"1,634.60"," 1,82,90,738 ",0,16.4, 9.28 , 3.94 , 2.36 , 70 
HDFCBANK,13-Dec-23,"1,630.90"," 1,46,73,457 ",0,3.7, 8.62 , 3.92 , 2.20 , 69 
HDFCBANK,14-Dec-23,"1,650.15"," 1,75,86,183 ",19.25,0, 9.38 , 3.64 , 2.57 , 72 
HDFCBANK,15-Dec-23,"1,656.55"," 6,94,18,565 ",6.4,0, 9.16 , 3.38 , 2.71 , 73 
HDFCBANK,18-Dec-23,"1,655.70"," 90,07,377 ",0,0.85, 8.51 , 3.20 , 2.66 , 73 
HDFCBANK,19-Dec-23,"1,652.90"," 1,20,04,223 ",0,2.8, 7.90 , 3.17 , 2.49 , 71 
HDFCBANK,20-Dec-23,"1,657.00"," 1,71,16,260 ",4.1,0, 7.63 , 2.95 , 2.59 , 72 
HDFCBANK,21-Dec-23,"1,686.70"," 1,82,94,620 ",29.7,0, 9.21 , 2.74 , 3.37 , 77 
HDFCBANK,22-Dec-23,"1,670.85"," 2,42,89,425 ",0,15.85, 8.55 , 3.67 , 2.33 , 70 
HDFCBANK,26-Dec-23,"1,682.45"," 90,22,928 ",11.6,0, 8.77 , 3.41 , 2.57 , 72 
HDFCBANK,27-Dec-23,"1,703.30"," 1,35,04,539 ",20.85,0, 9.63 , 3.17 , 3.04 , 75 
HDFCBANK,28-Dec-23,"1,705.25"," 2,20,38,235 ",1.95,0, 9.08 , 2.94 , 3.09 , 76 
HDFCBANK,29-Dec-23,"1,709.25"," 1,25,05,713 ",4,0, 8.72 , 2.73 , 3.19 , 76 
HDFCBANK,01-Jan-24,"1,698.10"," 71,19,843 ",0,11.15, 8.10 , 3.33 , 2.43 , 71 
HDFCBANK,02-Jan-24,"1,699.10"," 1,46,21,046 ",1,0, 7.59 , 3.09 , 2.45 , 71 
HDFCBANK,03-Jan-24,"1,672.90"," 1,41,94,881 ",0,26.2, 7.05 , 4.74 , 1.49 , 60 
HDFCBANK,04-Jan-24,"1,690.85"," 1,33,67,028 ",17.95,0, 7.83 , 4.41 , 1.78 , 64 
HDFCBANK,05-Jan-24,"1,682.20"," 1,59,44,735 ",0,8.65, 7.27 , 4.71 , 1.54 , 61 
HDFCBANK,08-Jan-24,"1,663.45"," 89,99,235 ",0,18.75, 6.75 , 5.71 , 1.18 , 54 
HDFCBANK,09-Jan-24,"1,650.50"," 1,26,63,444 ",0,12.95, 6.27 , 6.23 , 1.01 , 50 
HDFCBANK,10-Jan-24,"1,655.95"," 80,57,912 ",5.45,0, 6.21 , 5.78 , 1.07 , 52 
HDFCBANK,11-Jan-24,"1,649.00"," 91,57,005 ",0,6.95, 5.76 , 5.87 , 0.98 , 50 
HDFCBANK,12-Jan-24,"1,641.20"," 98,86,776 ",0,7.8, 5.35 , 6.01 , 0.89 , 47 
HDFCBANK,15-Jan-24,"1,672.80"," 1,41,60,178 ",31.6,0, 7.23 , 5.58 , 1.30 , 56 
HDFCBANK,16-Jan-24,"1,679.15"," 1,26,61,250 ",6.35,0, 7.16 , 5.18 , 1.38 , 58 
HDFCBANK,17-Jan-24,"1,537.50"," 8,50,72,618 ",0,141.65, 6.65 , 14.93 , 0.45 , 31 
HDFCBANK,18-Jan-24,"1,486.15"," 8,05,35,465 ",0,51.35, 6.18 , 17.53 , 0.35 , 26 
HDFCBANK,19-Jan-24,"1,470.65"," 5,48,00,269 ",0,15.5, 5.74 , 17.38 , 0.33 , 25 
HDFCBANK,20-Jan-24,"1,478.85"," 1,29,20,293 ",8.2,0, 5.91 , 16.14 , 0.37 , 27 
HDFCBANK,23-Jan-24,"1,427.35"," 5,77,34,701 ",0,51.5, 5.49 , 18.67 , 0.29 , 23 
HDFCBANK,24-Jan-24,"1,455.90"," 4,30,02,202 ",28.55,0, 7.14 , 17.33 , 0.41 , 29 
HDFCBANK,25-Jan-24,"1,434.90"," 4,94,70,926 ",0,21, 6.63 , 17.60 , 0.38 , 27 
HDFCBANK,29-Jan-24,"1,454.65"," 3,28,22,749 ",19.75,0, 7.56 , 16.34 , 0.46 , 32 
HDFCBANK,30-Jan-24,"1,444.30"," 2,08,64,384 ",0,10.35, 7.02 , 15.91 , 0.44 , 31 
HDFCBANK,31-Jan-24,"1,462.55"," 3,28,80,520 ",18.25,0, 7.83 , 14.77 , 0.53 , 35 
HDFCBANK,01-Feb-24,"1,466.35"," 1,63,45,370 ",3.8,0, 7.54 , 13.72 , 0.55 , 35 
HDFCBANK,02-Feb-24,"1,446.15"," 2,24,33,877 ",0,20.2, 7.00 , 14.18 , 0.49 , 33 
HDFCBANK,05-Feb-24,"1,444.85"," 1,93,02,523 ",0,1.3, 6.50 , 13.26 , 0.49 , 33 
HDFCBANK,06-Feb-24,"1,444.10"," 2,05,37,870 ",0,0.75, 6.04 , 12.37 , 0.49 , 33 
HDFCBANK,07-Feb-24,"1,429.95"," 2,74,18,543 ",0,14.15, 5.60 , 12.50 , 0.45 , 31 
HDFCBANK,08-Feb-24,"1,403.05"," 3,45,53,062 ",0,26.9, 5.20 , 13.52 , 0.38 , 28 
HDFCBANK,09-Feb-24,"1,403.60"," 2,83,21,062 ",0.55,0, 4.87 , 12.56 , 0.39 , 28 
HDFCBANK,12-Feb-24,"1,390.00"," 1,72,23,906 ",0,13.6, 4.52 , 12.63 , 0.36 , 26 
HDFCBANK,13-Feb-24,"1,394.45"," 2,87,90,497 ",4.45,0, 4.52 , 11.73 , 0.39 , 28 
HDFCBANK,14-Feb-24,"1,384.05"," 4,56,60,405 ",0,10.4, 4.20 , 11.64 , 0.36 , 27 
HDFCBANK,15-Feb-24,"1,414.05"," 2,07,92,472 ",30,0, 6.04 , 10.80 , 0.56 , 36 
HDFCBANK,16-Feb-24,"1,419.90"," 1,60,87,871 ",5.85,0, 6.03 , 10.03 , 0.60 , 38 
HDFCBANK,19-Feb-24,"1,417.10"," 1,72,25,878 ",0,2.8, 5.60 , 9.52 , 0.59 , 37 
HDFCBANK,20-Feb-24,"1,454.30"," 2,80,66,754 ",37.2,0, 7.85 , 8.84 , 0.89 , 47 
HDFCBANK,21-Feb-24,"1,439.15"," 2,29,46,568 ",0,15.15, 7.29 , 9.29 , 0.79 , 44 
HDFCBANK,22-Feb-24,"1,419.55"," 2,52,80,441 ",0,19.6, 6.77 , 10.02 , 0.68 , 40 
HDFCBANK,23-Feb-24,"1,420.60"," 1,49,16,726 ",1.05,0, 6.36 , 9.31 , 0.68 , 41 
HDFCBANK,26-Feb-24,"1,422.30"," 1,17,53,435 ",1.7,0, 6.03 , 8.64 , 0.70 , 41 
HDFCBANK,27-Feb-24,"1,420.15"," 1,60,43,575 ",0,2.15, 5.60 , 8.18 , 0.68 , 41 
HDFCBANK,28-Feb-24,"1,409.40"," 1,26,60,993 ",0,10.75, 5.20 , 8.36 , 0.62 , 38 
HDFCBANK,29-Feb-24,"1,403.40"," 2,66,47,850 ",0,6, 4.83 , 8.19 , 0.59 , 37 
HDFCBANK,01-Mar-24,"1,430.75"," 1,73,69,449 ",27.35,0, 6.44 , 7.61 , 0.85 , 46 
HDFCBANK,02-Mar-24,"1,430.75"," 8,95,265 ",0,0, 5.98 , 7.07 , 0.85 , 46 
HDFCBANK,04-Mar-24,"1,432.70"," 1,78,08,237 ",1.95,0, 5.69 , 6.56 , 0.87 , 46 
HDFCBANK,05-Mar-24,"1,440.85"," 1,89,95,836 ",8.15,0, 5.86 , 6.09 , 0.96 , 49 
HDFCBANK,06-Mar-24,"1,442.60"," 2,12,04,765 ",1.75,0, 5.57 , 5.66 , 0.98 , 50 
HDFCBANK,07-Mar-24,"1,446.10"," 2,46,74,023 ",3.5,0, 5.42 , 5.25 , 1.03 , 51 
HDFCBANK,11-Mar-24,"1,427.80"," 2,52,65,547 ",0,18.3, 5.04 , 6.18 , 0.81 , 45 
HDFCBANK,12-Mar-24,"1,459.55"," 3,27,09,227 ",31.75,0, 6.94 , 5.74 , 1.21 , 55 
HDFCBANK,13-Mar-24,"1,460.40"," 3,15,33,727 ",0.85,0, 6.51 , 5.33 , 1.22 , 55 
HDFCBANK,14-Mar-24,"1,455.45"," 2,62,16,079 ",0,4.95, 6.04 , 5.31 , 1.14 , 53 
HDFCBANK,15-Mar-24,"1,452.65"," 7,18,06,902 ",0,2.8, 5.61 , 5.13 , 1.09 , 52 
HDFCBANK,18-Mar-24,"1,446.05"," 1,07,18,928 ",0,6.6, 5.21 , 5.23 , 1.00 , 50 
HDFCBANK,19-Mar-24,"1,449.35"," 1,80,91,797 ",3.3,0, 5.07 , 4.86 , 1.04 , 51 
HDFCBANK,20-Mar-24,"1,431.05"," 2,18,03,047 ",0,18.3, 4.71 , 5.82 , 0.81 , 45 
HDFCBANK,21-Mar-24,"1,445.75"," 1,44,61,430 ",14.7,0, 5.43 , 5.40 , 1.00 , 50 
HDFCBANK,22-Mar-24,"1,442.85"," 2,29,90,163 ",0,2.9, 5.04 , 5.22 , 0.96 , 49 
HDFCBANK,26-Mar-24,"1,425.40"," 2,84,22,145 ",0,17.45, 4.68 , 6.10 , 0.77 , 43 
HDFCBANK,27-Mar-24,"1,440.70"," 3,10,84,334 ",15.3,0, 5.44 , 5.66 , 0.96 , 49 
HDFCBANK,28-Mar-24,"1,447.90"," 2,77,96,071 ",7.2,0, 5.56 , 5.26 , 1.06 , 51 
HDFCBANK,01-Apr-24,"1,470.50"," 1,25,99,785 ",22.6,0, 6.78 , 4.88 , 1.39 , 58 
HDFCBANK,02-Apr-24,"1,480.15"," 2,06,12,723 ",9.65,0, 6.98 , 4.53 , 1.54 , 61 
HDFCBANK,03-Apr-24,"1,482.30"," 2,27,92,193 ",2.15,0, 6.64 , 4.21 , 1.58 , 61 
HDFCBANK,04-Apr-24,"1,527.60"," 4,44,67,533 ",45.3,0, 9.40 , 3.91 , 2.41 , 71 
HDFCBANK,05-Apr-24,"1,549.55"," 2,95,27,951 ",21.95,0, 10.30 , 3.63 , 2.84 , 74 
HDFCBANK,08-Apr-24,"1,546.60"," 1,02,41,470 ",0,2.95, 9.56 , 3.58 , 2.67 , 73 
HDFCBANK,09-Apr-24,"1,546.60"," 4,09,783 ",0,0, 8.88 , 3.33 , 2.67 , 73 
HDFCBANK,09-Apr-24,"1,548.55"," 1,09,42,247 ",1.95,0, 8.38 , 3.09 , 2.72 , 73 
HDFCBANK,10-Apr-24,"1,536.35"," 1,39,03,700 ",0,12.2, 7.78 , 3.74 , 2.08 , 68 
HDFCBANK,12-Apr-24,"1,518.95"," 2,05,42,104 ",0,17.4, 7.23 , 4.71 , 1.53 , 61 
HDFCBANK,15-Apr-24,"1,494.70"," 1,17,07,624 ",0,24.25, 6.71 , 6.11 , 1.10 , 52 
HDFCBANK,16-Apr-24,"1,509.25"," 1,03,72,443 ",14.55,0, 7.27 , 5.67 , 1.28 , 56 
HDFCBANK,18-Apr-24,"1,494.70"," 1,71,17,442 ",0,14.55, 6.75 , 6.31 , 1.07 , 52 
HDFCBANK,19-Apr-24,"1,531.30"," 1,72,88,217 ",36.6,0, 8.88 , 5.86 , 1.52 , 60 